asset_id,building,room,model,category,status
SAMPLE-0001,SMPA,SMPA 101,SAMPLE-MODEL-X1,5,old
SAMPLE-0002,SMPA,SMPA 101,SAMPLE-MODEL-X1,5,old
SAMPLE-0003,SMPA,SMPA 102,SAMPLE-MODEL-Y2,3,old
SAMPLE-0004,SMPA,SMPA 201,SAMPLE-MODEL-X1,5,old
SAMPLE-0005,SMPA,SMPA 202,SAMPLE-MODEL-Z3,4,old
SAMPLE-0006,SMPB,SMPB 1140,SAMPLE-MODEL-X1,5,old
SAMPLE-0007,SMPB,SMPB 1140,SAMPLE-MODEL-Y2,3,old
SAMPLE-0008,SMPB,SMPB 1150,SAMPLE-MODEL-Y2,3,old
SAMPLE-0009,SMPB,SMPB 1150,SAMPLE-MODEL-Y2,3,old
SAMPLE-0010,SMPC,SMPC 105,SAMPLE-MODEL-Z3,4,old
SAMPLE-0011,SMPC,SMPC 105,SAMPLE-MODEL-X1,5,old
SAMPLE-0012,SMPC,SMPC 105,SAMPLE-MODEL-Z3,4,old
